"SBT
[ VERIFICADO ]","AGENCIA
[ PARECER ]","AGENCIA
[ ANOTAÇÃO /
JUSTIFICATIVA ]",NM_AGENCIA,NM_MUNICIPIO,setor_pkuid,PK_UID,SOLUCAO_ADOTADA,MOTIVO,NM_TQ,DATA_SBT,DATA_AGENCIA
FALSE,PENDENTE,,ITAPIPOCA,ACARAÚ,230020010000025_1,1,IGNORAR,limite operacinal,Córrego dos Iús,18/08/2020,18/08/2020
FALSE,PENDENTE,,ITAPIPOCA,ACARAÚ,230020010000025_2,2,IGNORAR,diferença insignificante,Córrego dos Iús,18/08/2020,18/08/2020
FALSE,PENDENTE,,ITAPIPOCA,ACARAÚ,230020010000025_3,3,AJUSTAR,ajuste cartográfico,Córrego dos Iús,18/08/2020,18/08/2020
FALSE,PENDENTE,,ITAPIPOCA,ACARAÚ,230020010000025_4,4,SETORIZAR,limite operacinal,Córrego dos Iús,18/08/2020,18/08/2020
FALSE,PENDENTE,,ITAPIPOCA,ACARAÚ,230020010000025_5,5,IGNORAR,limite operacinal,Córrego dos Iús,18/08/2020,18/08/2020
FALSE,PENDENTE,,MARANGUAPE,AQUIRAZ,230100020000014_6,6,SETORIZAR,limite operacinal,Lagoa do Ramo e Goiabeira,18/08/2020,18/08/2020
FALSE,PENDENTE,,MARANGUAPE,AQUIRAZ,230100020000014_7,7,IGNORAR,ausencia de insumos e LO,Lagoa do Ramo e Goiabeira,18/08/2020,18/08/2020
FALSE,PENDENTE,,MARANGUAPE,AQUIRAZ,230100020000014_8,8,IGNORAR,ausencia de insumos e LO,Lagoa do Ramo e Goiabeira,18/08/2020,18/08/2020
FALSE,PENDENTE,,MARANGUAPE,AQUIRAZ,230100020000014_9,9,IGNORAR,ausencia de insumos e LO,Lagoa do Ramo e Goiabeira,18/08/2020,18/08/2020
FALSE,PENDENTE,,MARANGUAPE,AQUIRAZ,230100020000014_10,10,IGNORAR,ausencia de insumos e LO,Lagoa do Ramo e Goiabeira,18/08/2020,18/08/2020
FALSE,PENDENTE,,MARANGUAPE,AQUIRAZ,230100020000026_11,11,SETORIZAR,limite operacinal,Lagoa do Ramo e Goiabeira,18/08/2020,18/08/2020
FALSE,PENDENTE,,MARANGUAPE,AQUIRAZ,230100020000027_12,12,SETORIZAR,limite operacinal,Lagoa do Ramo e Goiabeira,18/08/2020,18/08/2020
FALSE,PENDENTE,,MARANGUAPE,AQUIRAZ,230100020000027_13,13,IGNORAR,ausencia de insumos e LO,Lagoa do Ramo e Goiabeira,18/08/2020,18/08/2020
FALSE,PENDENTE,,ARACATI,ARACATI,230110905000129_14,14,IGNORAR,diferença insignificante,Córrego Ubaranas,18/08/2020,18/08/2020
FALSE,PENDENTE,,ARACATI,ARACATI,230110905000129_15,15,IGNORAR,diferença insignificante,Córrego Ubaranas,18/08/2020,18/08/2020
FALSE,PENDENTE,,ARACATI,ARACATI,230110905000129_16,16,IGNORAR,ausencia de insumos e LO,Córrego Ubaranas,18/08/2020,18/08/2020
FALSE,PENDENTE,,ARACATI,ARACATI,230110905000129_17,17,AJUSTAR,ajuste ao TQ,Córrego Ubaranas,18/08/2020,18/08/2020
FALSE,PENDENTE,,ARACATI,ARACATI,230110905000129_18,18,AJUSTAR,ajuste ao TQ,Córrego Ubaranas,18/08/2020,18/08/2020
FALSE,PENDENTE,,ARACATI,ARACATI,230110905000129_19,19,IGNORAR,limite operacinal,Córrego Ubaranas,18/08/2020,18/08/2020
FALSE,PENDENTE,,ARACATI,ARACATI,230110905000129_20,20,AJUSTAR,ajuste ao TQ,Córrego Ubaranas,18/08/2020,18/08/2020
FALSE,PENDENTE,,ARACATI,ARACATI,230110905000130_21,21,IGNORAR,limite operacinal,Córrego Ubaranas,18/08/2020,18/08/2020
FALSE,PENDENTE,,ARACATI,ARACATI,230110905000130_22,22,IGNORAR,limite operacinal,Córrego Ubaranas,18/08/2020,18/08/2020
FALSE,PENDENTE,,ARACATI,ARACATI,230110905000130_23,23,MANTER,limite operacinal,Córrego Ubaranas,18/08/2020,18/08/2020
FALSE,PENDENTE,,ARACATI,ARACATI,230110905000130_24,24,MANTER,limite operacinal,Córrego Ubaranas,18/08/2020,18/08/2020
FALSE,PENDENTE,,ARACATI,ARACATI,230110905000131_25,25,AJUSTAR,ajuste ao TQ,Córrego Ubaranas,18/08/2020,18/08/2020
FALSE,PENDENTE,,FORTALEZA 2,CAUCAIA,230370915000007_26,26,AJUSTAR,ajuste ao TQ,Boqueirão da Arara,18/08/2020,18/08/2020
FALSE,PENDENTE,,FORTALEZA 2,CAUCAIA,230370915000007_27,27,AJUSTAR,ajuste ao TQ,Boqueirão da Arara,18/08/2020,18/08/2020
FALSE,PENDENTE,,SOBRAL,COREAÚ,230400417000002_28,28,excluir TQ / criar AIO,limite operacinal,Timbauba,18/08/2020,18/08/2020
FALSE,PENDENTE,,SOBRAL,COREAÚ,230400417000002_29,29,MANTER,limite operacinal,Timbauba,18/08/2020,18/08/2020
FALSE,PENDENTE,,CRATEUS,CRATEÚS,230410340000002_30,30,MANTER,limite operacinal,Queimadas,18/08/2020,18/08/2020
FALSE,PENDENTE,,CRATEUS,CRATEÚS,230410340000004_31,31,SETORIZAR,limite operacinal,Queimadas,18/08/2020,18/08/2020
FALSE,PENDENTE,,CRATEUS,CRATEÚS,230410340000005_32,32,MANTER,ausencia de insumos e LO,Queimadas,18/08/2020,18/08/2020
FALSE,PENDENTE,,CRATEUS,CRATEÚS,230410340000005_33,33,MANTER,ajuste cartográfico,Queimadas,18/08/2020,18/08/2020
FALSE,PENDENTE,,CRATEUS,CRATEÚS,230410340000005_34,34,MANTER,ajuste cartográfico,Queimadas,18/08/2020,18/08/2020
FALSE,PENDENTE,,CRATEUS,CRATEÚS,230410340000005_35,35,MANTER,ajuste cartográfico,Queimadas,18/08/2020,18/08/2020
FALSE,SIM,149011,TIANGUA,CROATÁ,230423640000005_36,36,MANTER,ausencia de insumos e LO,Três Irmãos,18/08/2020,18/08/2020
FALSE,SIM,149015,TIANGUA,CROATÁ,230423640000005_37,37,IGNORAR,diferença insignificante,Três Irmãos,18/08/2020,19/08/2020
FALSE,SIM,149012,TIANGUA,CROATÁ,230423640000005_38,38,AJUSTAR,ajuste cartográfico,Três Irmãos,18/08/2020,19/08/2020
FALSE,SIM,149013,TIANGUA,CROATÁ,230423640000005_39,39,MANTER,ausencia de insumos e LO,Três Irmãos,18/08/2020,19/08/2020
FALSE,SIM,149016,TIANGUA,CROATÁ,230423640000005_40,40,IGNORAR,diferença insignificante,Três Irmãos,18/08/2020,19/08/2020
FALSE,SIM,149014,TIANGUA,CROATÁ,230423640000005_41,41,MANTER,ausencia de insumos e LO,Três Irmãos,18/08/2020,19/08/2020
FALSE,SIM,149017,TIANGUA,CROATÁ,230423640000005_42,42,MANTER,ausencia de insumos e LO,Três Irmãos,18/08/2020,19/08/2020
FALSE,PENDENTE,,ITAPIPOCA,CRUZ,230425105000049_43,43,excluir TQ / criar AIO,limite operacinal,Córrego dos Iús,18/08/2020,18/08/2020
FALSE,PENDENTE,,MARANGUAPE,HORIZONTE,230523305000064_44,44,SETORIZAR,limite operacinal,Alto Alegre,18/08/2020,18/08/2020
FALSE,PENDENTE,,MARANGUAPE,HORIZONTE,230523305000064_45,45,SETORIZAR,limite operacinal,Alto Alegre,18/08/2020,18/08/2020
FALSE,PENDENTE,,MARANGUAPE,HORIZONTE,230523305000064_46,46,AJUSTAR,ajuste cartográfico,Alto Alegre,18/08/2020,18/08/2020
FALSE,PENDENTE,,MARANGUAPE,HORIZONTE,230523305000114_47,47,IGNORAR,diferença insignificante,Alto Alegre,18/08/2020,18/08/2020
FALSE,PENDENTE,,MARANGUAPE,HORIZONTE,230523305000114_48,48,AJUSTAR,ajuste cartográfico,Alto Alegre,18/08/2020,18/08/2020
FALSE,PENDENTE,,MARANGUAPE,HORIZONTE,230523305000114_49,49,MANTER,limite operacinal,Alto Alegre,18/08/2020,18/08/2020
FALSE,PENDENTE,,MARANGUAPE,HORIZONTE,230523330000001_50,50,excluir TQ / criar AIO,limite operacinal,Alto Alegre,18/08/2020,18/08/2020
FALSE,PENDENTE,,MARANGUAPE,HORIZONTE,230523330000006_51,51,AJUSTAR,ajuste cartográfico,Alto Alegre,18/08/2020,18/08/2020
FALSE,PENDENTE,,MARANGUAPE,HORIZONTE,230523330000009_52,52,AJUSTAR,ajuste cartográfico,Alto Alegre,18/08/2020,18/08/2020
FALSE,PENDENTE,,SOBRAL,MORAÚJO,230880707000005_53,53,MANTER,limite operacinal,Timbauba,18/08/2020,18/08/2020
FALSE,PENDENTE,,SOBRAL,MORAÚJO,230880707000005_54,54,IGNORAR,diferença insignificante,Timbauba,18/08/2020,18/08/2020
FALSE,PENDENTE,,SOBRAL,MORAÚJO,230880707000005_55,55,MANTER,limite operacinal,Timbauba,18/08/2020,18/08/2020
FALSE,PENDENTE,,CRATEUS,NOVO ORIENTE,230940915000012_56,56,SETORIZAR,limite operacinal,Minador,18/08/2020,18/08/2020
FALSE,PENDENTE,,CRATEUS,NOVO ORIENTE,230940915000012_57,57,AJUSTAR,ajuste cartográfico,Minador,18/08/2020,18/08/2020
FALSE,PENDENTE,,CRATEUS,NOVO ORIENTE,230940915000012_58,58,AJUSTAR,ajuste cartográfico,Minador,18/08/2020,18/08/2020
FALSE,PENDENTE,,CRATEUS,NOVO ORIENTE,230940915000012_59,59,AJUSTAR,ajuste cartográfico,Minador,18/08/2020,18/08/2020
FALSE,PENDENTE,,CRATEUS,NOVO ORIENTE,230940915000012_60,60,AJUSTAR,ajuste cartográfico,Minador,18/08/2020,18/08/2020
FALSE,PENDENTE,,CRATEUS,NOVO ORIENTE,230940915000012_61,61,IGNORAR,diferença insignificante,Minador,18/08/2020,18/08/2020
FALSE,PENDENTE,,CRATEUS,NOVO ORIENTE,230940915000012_62,62,IGNORAR,diferença insignificante,Minador,18/08/2020,18/08/2020
FALSE,PENDENTE,,CRATEUS,NOVO ORIENTE,230940915000012_63,63,AJUSTAR,ajuste cartográfico,Minador,18/08/2020,18/08/2020
FALSE,PENDENTE,,CRATEUS,NOVO ORIENTE,230940915000012_64,64,AJUSTAR,ajuste cartográfico,Minador,18/08/2020,18/08/2020
FALSE,PENDENTE,,CRATEUS,NOVO ORIENTE,230940915000012_65,65,IGNORAR,diferença insignificante,Minador,18/08/2020,18/08/2020
FALSE,PENDENTE,,CRATEUS,NOVO ORIENTE,230940915000012_66,66,AJUSTAR,ajuste cartográfico,Minador,18/08/2020,18/08/2020
FALSE,PENDENTE,,CRATEUS,NOVO ORIENTE,230940915000012_67,67,AJUSTAR,ajuste cartográfico,Minador,18/08/2020,18/08/2020
FALSE,PENDENTE,,CRATEUS,NOVO ORIENTE,230940915000012_68,68,AJUSTAR,ajuste cartográfico,Minador,18/08/2020,18/08/2020
FALSE,PENDENTE,,CRATEUS,NOVO ORIENTE,230940915000012_69,69,AJUSTAR,ajuste cartográfico,Minador,18/08/2020,18/08/2020
FALSE,PENDENTE,,CRATEUS,NOVO ORIENTE,230940915000012_70,70,IGNORAR,diferença insignificante,Minador,18/08/2020,18/08/2020
FALSE,PENDENTE,,CRATEUS,NOVO ORIENTE,230940915000012_71,71,IGNORAR,diferença insignificante,Minador,18/08/2020,18/08/2020
FALSE,PENDENTE,,CRATEUS,NOVO ORIENTE,230940915000012_72,72,AJUSTAR,ajuste cartográfico,Minador,18/08/2020,18/08/2020
FALSE,PENDENTE,,CRATEUS,NOVO ORIENTE,230940915000012_73,73,IGNORAR,diferença insignificante,Minador,18/08/2020,18/08/2020
FALSE,PENDENTE,,CRATEUS,NOVO ORIENTE,230940915000012_74,74,IGNORAR,diferença insignificante,Minador,18/08/2020,18/08/2020
FALSE,PENDENTE,,CRATEUS,NOVO ORIENTE,230940915000012_75,75,IGNORAR,limite operacinal,Minador,18/08/2020,18/08/2020
FALSE,PENDENTE,,CRATEUS,NOVO ORIENTE,230940915000012_76,76,AJUSTAR,ajuste cartográfico,Minador,18/08/2020,18/08/2020
FALSE,PENDENTE,,CRATEUS,NOVO ORIENTE,230940915000012_77,77,AJUSTAR,ajuste cartográfico,Minador,18/08/2020,18/08/2020
FALSE,PENDENTE,,CRATEUS,NOVO ORIENTE,230940915000012_78,78,AJUSTAR,ajuste cartográfico,Minador,18/08/2020,18/08/2020
FALSE,PENDENTE,,MARANGUAPE,PACAJUS,230960705000028_79,79,SETORIZAR,limite operacinal,Alto Alegre,18/08/2020,18/08/2020
FALSE,PENDENTE,,MARANGUAPE,PACAJUS,230960705000051_80,80,SETORIZAR,limite operacinal,Alto Alegre,18/08/2020,18/08/2020
FALSE,PENDENTE,,MARANGUAPE,PACAJUS,230960705000051_81,81,MANTER,ausencia de insumos e LO,Alto Alegre,18/08/2020,18/08/2020
FALSE,PENDENTE,,MARANGUAPE,PACAJUS,230960705000051_82,82,MANTER,ausencia de insumos e LO,Alto Alegre,18/08/2020,18/08/2020
FALSE,PENDENTE,,MARANGUAPE,PACAJUS,230960705000095_83,83,excluir TQ / criar AIO,ausencia de insumos e LO,Alto Alegre,18/08/2020,18/08/2020
FALSE,PENDENTE,,QUIXADA,QUIXADÁ,231130640000005_84,84,AJUSTAR,ajuste cartográfico,Sítio Veiga,18/08/2020,18/08/2020
FALSE,PENDENTE,,QUIXADA,QUIXADÁ,231130640000005_85,85,AJUSTAR,ajuste cartográfico,Sítio Veiga,18/08/2020,18/08/2020
FALSE,PENDENTE,,QUIXADA,QUIXADÁ,231130640000005_86,86,MANTER,ausencia de insumos e LO,Sítio Veiga,18/08/2020,18/08/2020
FALSE,PENDENTE,,QUIXADA,QUIXADÁ,231130640000005_87,87,AJUSTAR,ajuste cartográfico,Sítio Veiga,18/08/2020,18/08/2020
FALSE,PENDENTE,,QUIXADA,QUIXADÁ,231130640000005_88,88,AJUSTAR,ajuste cartográfico,Sítio Veiga,18/08/2020,18/08/2020
FALSE,PENDENTE,,QUIXADA,QUIXADÁ,231130640000005_89,89,AJUSTAR,ajuste cartográfico,Sítio Veiga,18/08/2020,18/08/2020
FALSE,PENDENTE,,QUIXADA,QUIXADÁ,231130640000005_90,90,AJUSTAR,ajuste cartográfico,Sítio Veiga,18/08/2020,18/08/2020
FALSE,PENDENTE,,QUIXADA,QUIXADÁ,231130640000005_91,91,AJUSTAR,ajuste cartográfico,Sítio Veiga,18/08/2020,18/08/2020
FALSE,PENDENTE,,QUIXADA,QUIXADÁ,231130640000005_92,92,AJUSTAR,ajuste cartográfico,Sítio Veiga,18/08/2020,18/08/2020
FALSE,PENDENTE,,QUIXADA,QUIXADÁ,231130640000005_93,93,MANTER,limite operacinal,Sítio Veiga,18/08/2020,18/08/2020
FALSE,PENDENTE,,QUIXADA,QUIXADÁ,231130640000005_94,94,MANTER,limite operacinal,Sítio Veiga,18/08/2020,18/08/2020
FALSE,PENDENTE,,QUIXADA,QUIXADÁ,231130640000005_95,95,AJUSTAR,ajuste cartográfico,Sítio Veiga,18/08/2020,18/08/2020
FALSE,PENDENTE,,QUIXADA,QUIXADÁ,231130640000005_96,96,MANTER,limite operacinal,Sítio Veiga,18/08/2020,18/08/2020
FALSE,PENDENTE,,QUIXADA,QUIXADÁ,231130640000005_97,97,MANTER,limite operacinal,Sítio Veiga,18/08/2020,18/08/2020
FALSE,PENDENTE,,CRATO,SALITRE,231195920000010_98,98,SETORIZAR,limite operacinal,Serra dos Chagas,18/08/2020,18/08/2020
FALSE,PENDENTE,,CRATO,SALITRE,231195920000010_99,99,SETORIZAR,limite operacinal,Serra dos Chagas,18/08/2020,18/08/2020
FALSE,PENDENTE,,CRATO,SALITRE,231195920000010_100,100,IGNORAR,diferença insignificante,Serra dos Chagas,18/08/2020,18/08/2020
FALSE,PENDENTE,,CRATO,SALITRE,231195920000012_101,101,SETORIZAR,limite operacinal,Sitio Arruda,18/08/2020,18/08/2020
FALSE,PENDENTE,,CRATO,SALITRE,231195920000014_102,102,IGNORAR,diferença insignificante,Sitio Arruda,18/08/2020,18/08/2020
FALSE,PENDENTE,,CRATO,SALITRE,231195920000017_103,103,excluir TQ / criar AIO,ajuste ao TQ,Serra dos Chagas,18/08/2020,18/08/2020
FALSE,PENDENTE,,CRATEUS,TAMBORIL,231320305000034_104,104,MANTER,ausencia de insumos e LO,Lagoa das Pedras e Encantados do Bom Jardim,18/08/2020,18/08/2020
FALSE,PENDENTE,,CRATEUS,TAMBORIL,231320305000034_105,105,MANTER,ausencia de insumos e LO,Lagoa das Pedras e Encantados do Bom Jardim,18/08/2020,18/08/2020
FALSE,PENDENTE,,CRATEUS,TAMBORIL,231320305000034_106,106,SETORIZAR,limite operacinal,Lagoa das Pedras e Encantados do Bom Jardim,18/08/2020,18/08/2020
FALSE,PENDENTE,,CRATEUS,TAMBORIL,231320305000034_107,107,AJUSTAR,ajuste ao TQ,Lagoa das Pedras e Encantados do Bom Jardim,18/08/2020,18/08/2020
FALSE,PENDENTE,,CRATEUS,TAMBORIL,231320305000037_108,108,MANTER,limite operacinal,Brutos,18/08/2020,18/08/2020
FALSE,PENDENTE,,CRATEUS,TAMBORIL,231320305000039_109,109,MANTER,limite operacinal,Brutos,18/08/2020,18/08/2020
FALSE,PENDENTE,,CRATEUS,TAMBORIL,231320305000048_110,110,MANTER,ajuste cartográfico,Lagoa das Pedras e Encantados do Bom Jardim,18/08/2020,18/08/2020
FALSE,PENDENTE,,CRATEUS,TAMBORIL,231320305000049_111,111,MANTER,limite operacinal,Brutos,18/08/2020,18/08/2020
FALSE,PENDENTE,,CRATEUS,TAMBORIL,231320305000049_112,112,AJUSTAR,ajuste ao TQ,Brutos,18/08/2020,18/08/2020
FALSE,PENDENTE,,CRATEUS,TAMBORIL,231320305000049_113,113,MANTER,limite operacinal,Brutos,18/08/2020,18/08/2020
FALSE,PENDENTE,,CRATEUS,TAMBORIL,231320305000049_114,114,AJUSTAR,ajuste cartográfico,Brutos,18/08/2020,18/08/2020
FALSE,PENDENTE,,CRATEUS,TAMBORIL,231320305000049_115,115,AJUSTAR,ajuste cartográfico,Brutos,18/08/2020,18/08/2020
FALSE,PENDENTE,,CRATEUS,TAMBORIL,231320305000049_116,116,AJUSTAR,ajuste cartográfico,Brutos,18/08/2020,18/08/2020
FALSE,PENDENTE,,CRATEUS,TAMBORIL,231320305000049_117,117,AJUSTAR,ajuste cartográfico,Brutos,18/08/2020,18/08/2020
FALSE,PENDENTE,,CRATEUS,TAMBORIL,231320305000049_118,118,AJUSTAR,ajuste cartográfico,Brutos,18/08/2020,18/08/2020
FALSE,PENDENTE,,CRATEUS,TAMBORIL,231320305000049_119,119,AJUSTAR,ajuste cartográfico,Brutos,18/08/2020,18/08/2020
FALSE,PENDENTE,,CRATEUS,TAMBORIL,231320305000049_120,120,AJUSTAR,ajuste cartográfico,Brutos,18/08/2020,18/08/2020
FALSE,PENDENTE,,CRATEUS,TAMBORIL,231320305000049_121,121,AJUSTAR,ajuste cartográfico,Brutos,18/08/2020,18/08/2020
FALSE,PENDENTE,,CRATEUS,TAMBORIL,231320305000049_122,122,IGNORAR,diferença insignificante,Brutos,18/08/2020,18/08/2020
FALSE,PENDENTE,,CRATEUS,TAMBORIL,231320305000049_123,123,AJUSTAR,ajuste cartográfico,Brutos,18/08/2020,18/08/2020
FALSE,PENDENTE,,CRATEUS,TAMBORIL,231320305000049_124,124,AJUSTAR,ajuste cartográfico,Brutos,18/08/2020,18/08/2020
FALSE,PENDENTE,,CRATEUS,TAMBORIL,231320305000049_125,125,MANTER,ausencia de insumos e LO,Brutos,18/08/2020,18/08/2020
FALSE,PENDENTE,,ITAPAJE,TURURU,231355905000026_126,126,excluir TQ / criar AIO,limite operacinal,Água Preta,18/08/2020,18/08/2020
FALSE,PENDENTE,,ITAPAJE,UMIRIM,231375705000022_127,127,SETORIZAR,ajuste cartográfico,Água Preta,18/08/2020,18/08/2020